{"_CACHE_STORE_KEY_ONNX_CONVERTER_INIT_METADATA_": {"cv_type": "file", "local_path": "/tmp/tmpe341kgy2/outputs/_automl_internal/_CACHE_STORE_KEY_ONNX_CONVERTER_INIT_METADATA_.pkl", "remote_path": "outputs/_automl_internal/_CACHE_STORE_KEY_ONNX_CONVERTER_INIT_METADATA_.pkl", "ext": "pkl"}, "split_keys": {"cv_type": "file", "local_path": "/tmp/tmpe341kgy2/outputs/_automl_internal/split_keys.pkl", "remote_path": "outputs/_automl_internal/split_keys.pkl", "ext": "pkl"}, "featurized_cv_split_0": {"cv_type": "file", "local_path": "/tmp/tmpe341kgy2/outputs/_automl_internal/featurized_cv_split_0.pkl", "remote_path": "outputs/_automl_internal/featurized_cv_split_0.pkl", "ext": "pkl"}, "featurized_cv_split_1": {"cv_type": "file", "local_path": "/tmp/tmpe341kgy2/outputs/_automl_internal/featurized_cv_split_1.pkl", "remote_path": "outputs/_automl_internal/featurized_cv_split_1.pkl", "ext": "pkl"}, "featurized_cv_split_2": {"cv_type": "file", "local_path": "/tmp/tmpe341kgy2/outputs/_automl_internal/featurized_cv_split_2.pkl", "remote_path": "outputs/_automl_internal/featurized_cv_split_2.pkl", "ext": "pkl"}, "featurized_cv_split_3": {"cv_type": "file", "local_path": "/tmp/tmpe341kgy2/outputs/_automl_internal/featurized_cv_split_3.pkl", "remote_path": "outputs/_automl_internal/featurized_cv_split_3.pkl", "ext": "pkl"}, "featurized_cv_split_4": {"cv_type": "file", "local_path": "/tmp/tmpe341kgy2/outputs/_automl_internal/featurized_cv_split_4.pkl", "remote_path": "outputs/_automl_internal/featurized_cv_split_4.pkl", "ext": "pkl"}, "featurized_cv_split_5": {"cv_type": "file", "local_path": "/tmp/tmpe341kgy2/outputs/_automl_internal/featurized_cv_split_5.pkl", "remote_path": "outputs/_automl_internal/featurized_cv_split_5.pkl", "ext": "pkl"}, "featurized_cv_split_6": {"cv_type": "file", "local_path": "/tmp/tmpe341kgy2/outputs/_automl_internal/featurized_cv_split_6.pkl", "remote_path": "outputs/_automl_internal/featurized_cv_split_6.pkl", "ext": "pkl"}, "featurized_cv_split_7": {"cv_type": "file", "local_path": "/tmp/tmpe341kgy2/outputs/_automl_internal/featurized_cv_split_7.pkl", "remote_path": "outputs/_automl_internal/featurized_cv_split_7.pkl", "ext": "pkl"}, "featurized_cv_split_8": {"cv_type": "file", "local_path": "/tmp/tmpe341kgy2/outputs/_automl_internal/featurized_cv_split_8.pkl", "remote_path": "outputs/_automl_internal/featurized_cv_split_8.pkl", "ext": "pkl"}, "featurized_cv_split_9": {"cv_type": "file", "local_path": "/tmp/tmpe341kgy2/outputs/_automl_internal/featurized_cv_split_9.pkl", "remote_path": "outputs/_automl_internal/featurized_cv_split_9.pkl", "ext": "pkl"}, "featurization/data/full_training_dataset": {"cv_type": "file", "local_path": "/tmp/tmpe341kgy2/outputs/featurization/data/full_training_dataset.df.parquet", "remote_path": "outputs/featurization/data/full_training_dataset.df.parquet", "ext": "df.parquet"}, "featurization/data/X_valid": {"cv_type": "file", "local_path": "/tmp/tmpe341kgy2/outputs/featurization/data/X_valid.pkl", "remote_path": "outputs/featurization/data/X_valid.pkl", "ext": "pkl"}, "featurization/data/y_valid": {"cv_type": "file", "local_path": "/tmp/tmpe341kgy2/outputs/featurization/data/y_valid.pkl", "remote_path": "outputs/featurization/data/y_valid.pkl", "ext": "pkl"}, "featurization/data/sample_weight_valid": {"cv_type": "file", "local_path": "/tmp/tmpe341kgy2/outputs/featurization/data/sample_weight_valid.pkl", "remote_path": "outputs/featurization/data/sample_weight_valid.pkl", "ext": "pkl"}, "X_raw": {"cv_type": "file", "local_path": "/tmp/tmpe341kgy2/outputs/_automl_internal/X_raw.df.parquet", "remote_path": "outputs/_automl_internal/X_raw.df.parquet", "ext": "df.parquet"}, "y_raw": {"cv_type": "file", "local_path": "/tmp/tmpe341kgy2/outputs/_automl_internal/y_raw.npys.parquet", "remote_path": "outputs/_automl_internal/y_raw.npys.parquet", "ext": "npys.parquet"}, "X_raw_valid": {"cv_type": "file", "local_path": "/tmp/tmpe341kgy2/outputs/_automl_internal/X_raw_valid.pkl", "remote_path": "outputs/_automl_internal/X_raw_valid.pkl", "ext": "pkl"}, "y_raw_valid": {"cv_type": "file", "local_path": "/tmp/tmpe341kgy2/outputs/_automl_internal/y_raw_valid.pkl", "remote_path": "outputs/_automl_internal/y_raw_valid.pkl", "ext": "pkl"}, "ExperimentData_materialized": {"cv_type": "file", "local_path": "/tmp/tmpe341kgy2/outputs/_automl_internal/ExperimentData_materialized.pkl", "remote_path": "outputs/_automl_internal/ExperimentData_materialized.pkl", "ext": "pkl"}, "ExperimentData_lazy": {"cv_type": "file", "local_path": "/tmp/tmpe341kgy2/outputs/_automl_internal/ExperimentData_lazy.pkl", "remote_path": "outputs/_automl_internal/ExperimentData_lazy.pkl", "ext": "pkl"}, "ExperimentData_partitioned": {"cv_type": "file", "local_path": "/tmp/tmpe341kgy2/outputs/_automl_internal/ExperimentData_partitioned.pkl", "remote_path": "outputs/_automl_internal/ExperimentData_partitioned.pkl", "ext": "pkl"}, "ExperimentMetadata_Timeseries": {"cv_type": "file", "local_path": "/tmp/tmpe341kgy2/outputs/_automl_internal/ExperimentMetadata_Timeseries.pkl", "remote_path": "outputs/_automl_internal/ExperimentMetadata_Timeseries.pkl", "ext": "pkl"}, "ExperimentMetadata_Regression": {"cv_type": "file", "local_path": "/tmp/tmpe341kgy2/outputs/_automl_internal/ExperimentMetadata_Regression.pkl", "remote_path": "outputs/_automl_internal/ExperimentMetadata_Regression.pkl", "ext": "pkl"}, "ExperimentMetadata_Classification": {"cv_type": "file", "local_path": "/tmp/tmpe341kgy2/outputs/_automl_internal/ExperimentMetadata_Classification.pkl", "remote_path": "outputs/_automl_internal/ExperimentMetadata_Classification.pkl", "ext": "pkl"}, "ExperimentMetadata": {"cv_type": "file", "local_path": "/tmp/tmpe341kgy2/outputs/_automl_internal/ExperimentMetadata.pkl", "remote_path": "outputs/_automl_internal/ExperimentMetadata.pkl", "ext": "pkl"}, "featurization/pipeline": {"cv_type": "dir", "local_path": "/tmp/tmpjcnaslvk/featurization/pipeline", "remote_path": "outputs/featurization/pipeline", "key": "featurization/pipeline", "dir_items": {"featurization/pipeline/conda": {"cv_type": "file", "local_path": "/tmp/tmpjcnaslvk/featurization/pipeline/conda.yaml", "remote_path": "outputs/featurization/pipeline/conda.yaml", "ext": "yaml"}, "featurization/pipeline/MLmodel": {"cv_type": "file", "local_path": "/tmp/tmpjcnaslvk/featurization/pipeline/MLmodel", "remote_path": "outputs/featurization/pipeline/MLmodel", "ext": ""}, "featurization/pipeline/python_env": {"cv_type": "file", "local_path": "/tmp/tmpjcnaslvk/featurization/pipeline/python_env.yaml", "remote_path": "outputs/featurization/pipeline/python_env.yaml", "ext": "yaml"}, "featurization/pipeline/requirements": {"cv_type": "file", "local_path": "/tmp/tmpjcnaslvk/featurization/pipeline/requirements.txt", "remote_path": "outputs/featurization/pipeline/requirements.txt", "ext": "txt"}, "featurization/pipeline/model": {"cv_type": "file", "local_path": "/tmp/tmpjcnaslvk/featurization/pipeline/model.pkl", "remote_path": "outputs/featurization/pipeline/model.pkl", "ext": "pkl"}}}}